{
    "precision": 0.23232323232323232,
    "recall": 0.7540983606557377,
    "f_measure": 0.3552123552123552,
    "accuracy": 0.44333333333333336,
    "total_checks": 300,
    "true_positives": 46,
    "false_positives": 152,
    "true_negatives": 87,
    "false_negatives": 15
}